{"cameraMode":{"drawMode":0,"name":"Shaded","section":"Shading Mode"},"sceneLighting":false,"audioPlay":false,"sceneViewState":{"showFog":true,"showMaterialUpdate":false,"showSkybox":true,"showFlares":true,"showImageEffects":true,"showParticleSystems":true},"in2DMode":false,"pivot":{"x":-5.869617462158203,"y":-0.953165590763092,"z":28.478084564208986},"rotation":{"x":-0.13308557868003846,"y":-0.06922195851802826,"z":0.009318646043539048,"w":-0.988640308380127},"size":40.067115783691409,"orthographic":false}