{"cameraMode":{"drawMode":0,"name":"Shaded","section":"Shading Mode"},"sceneLighting":false,"audioPlay":false,"sceneViewState":{"showFog":true,"showMaterialUpdate":false,"showSkybox":true,"showFlares":true,"showImageEffects":true,"showParticleSystems":true},"in2DMode":false,"pivot":{"x":-2.3030152320861818,"y":1.5302739143371583,"z":-6.35198974609375},"rotation":{"x":0.008121871389448643,"y":0.9903703927993774,"z":-0.12123698741197586,"w":0.06634877622127533},"size":30.446969985961915,"orthographic":false}