{"cameraMode":{"drawMode":0,"name":"Shaded","section":"Shading Mode"},"sceneLighting":true,"audioPlay":false,"sceneViewState":{"showFog":true,"showMaterialUpdate":false,"showSkybox":true,"showFlares":true,"showImageEffects":true,"showParticleSystems":true},"in2DMode":false,"pivot":{"x":-8.239971160888672,"y":3.9004573822021486,"z":-0.7437057495117188},"rotation":{"x":-0.06190507858991623,"y":-0.2059944123029709,"z":0.013058662414550782,"w":-0.9765058159828186},"size":43.48587417602539,"orthographic":false}